"date";"categorie";"montant";"jours";"tarif";"note"
"2026-01-19";"Livraison Monoprix";"102,37";"";"";"Monoprix"
"2026-01-31";"Livraison Monoprix";"132,91";"";"";"Monoprix"
"2026-02-09";"Livraison Monoprix";"67,61";"";"";"Monoprix"
"2026-02-22";"Livraison Monoprix";"152,86";"";"";"Monoprix"
"2026-03-07";"Livraison Monoprix";"123,29";"";"";"Monoprix"
"2026-03-21";"Livraison Monoprix";"189,58";"";"";"Monoprix"
"2026-03-27";"Livraison Monoprix";"100,25";"";"";"Monoprix"
"2026-04-01";"Livraison Monoprix";"79,37";"";"";"Monoprix"
"2026-04-13";"Livraison Monoprix";"127,38";"";"";"Monoprix"
"2026-05-03";"Livraison Monoprix";"181,20";"";"";"Monoprix"
"2026-05-17";"Livraison Monoprix";"200,52";"";"";"Monoprix"
"2026-05-31";"Livraison Monoprix";"109,33";"";"";"Monoprix"
"2026-06-21";"Livraison Monoprix";"159,85";"";"";"Monoprix"
"2026-07-07";"Livraison Monoprix";"94,95";"";"";"Monoprix"
"2026-07-17";"Livraison Monoprix";"108,04";"";"";"Monoprix"
"2026-08-01";"Livraison Monoprix";"93,60";"";"";"Monoprix"
"2026-09-01";"Livraison Monoprix";"164,77";"";"";"Monoprix, commande du 27/08 pour septembre"
"2026-09-12";"Livraison Monoprix";"95,17";"";"";"Monoprix"
"2026-09-21";"Livraison Monoprix";"86,31";"";"";"Monoprix"
"2026-09-28";"Livraison Monoprix";"73,56";"";"";"Monoprix, montant avant livraison à vérifier"
"2026-09-07";"Magasin";"8,50";"";"";"Picard"
"2026-09-21";"Magasin";"20,10";"";"";"Picard"
"2026-09-04";"Magasin";"15,84";"";"";"Auchan"
"2026-09-08";"Magasin";"28,34";"";"";"Auchan"
"2026-09-14";"Magasin";"23,92";"";"";"Auchan"
"2026-09-18";"Magasin";"6,24";"";"";"Auchan"
"2026-09-24";"Magasin";"17,19";"";"";"Auchan"
"2026-09-28";"Magasin";"10,19";"";"";"Auchan"
"2026-09-28";"Magasin";"1,69";"";"";"Auchan"
"2026-09-16";"Magasin";"31,70";"";"";"Boulangerie"
"2026-09-11";"Livraison / à emporter";"39,06";"";"";""
"2026-09-15";"Livraison / à emporter";"17,65";"";"";""
"2026-09-24";"Livraison / à emporter";"26,00";"";"";""
"2026-10-01";"Livraison / à emporter";"15,21";"";"";""
"2026-10-02";"Livraison / à emporter";"25,35";"";"";""
"2026-10-01";"Livraison / à emporter";"9,00";"";"";"Menu sandwich, jour de télétravail"
"2026-09-15";"Midi au travail";"9,00";"";"";"Menu sandwich"
"2026-09-16";"Midi au travail";"9,00";"";"";"Menu sandwich"
"2026-10-05";"Midi au travail";"10,00";"";"";"Menu sandwich"
"2026-09-01";"Jours à Saint-Denis";"0";"8";"";""
"2026-10-01";"Jours à Saint-Denis";"0";"1";"";""
"2026-01-01";"Cantine Raphaëlle";"42,00";"6";"";""
"2026-02-01";"Cantine Raphaëlle";"14,00";"2";"";""
"2026-03-01";"Cantine Raphaëlle";"42,00";"6";"";""
"2026-04-01";"Cantine Raphaëlle";"14,00";"2";"";""
"2026-05-01";"Cantine Raphaëlle";"42,00";"6";"";""
"2026-06-01";"Cantine Raphaëlle";"180,60";"12";"";""
"2026-09-01";"Cantine Raphaëlle";"214,40";"16";"";""
"2026-10-01";"Cantine Raphaëlle";"120,60";"9";"";"estimation, à remplacer par la facture"
"2026-09-08";"Recharge cantine";"50,00";"";"";""
"2026-09-17";"Recharge cantine";"50,00";"";"";""
